Category,Item
"Activities, Hobbies & Places",Lego
"Activities, Hobbies & Places",Landscape
"Activities, Hobbies & Places",Walking
"Activities, Hobbies & Places",Body Massages
"Activities, Hobbies & Places",Rock Climbing
"Activities, Hobbies & Places",Tennis
"Activities, Hobbies & Places",Royal Albert Hall Concerts
Animals,Pandas
Animals,Cats
Animals,Dogs
Animals,Octopus 
Art & Design,Blender 3D
Art & Design,Digital Art
,
,
Art & Design,Golconda - René Magritte
Art & Design,The Great Wave off Kanagawa - Hokusai
Art & Design,Wanderer Above The Sea - Caspar David Friedrich
Art & Design,Starry Night - Vincent Van Gogh
Art & Design,The Scream - Edvard Munch
Art & Design,A Sunday Afternoon on the Island of La Grande Jatte - Georges Seurat
Art & Design,The Water-Lily Pond - Claude Monet
Art & Design,Persistence of Memory - Salvador Dalí
Art & Design,3D Modelling
Art & Design,Photography
Clothing & Fashion,Nike Shoes
Clothing & Fashion,Crocks
Clothing & Fashion,Red T-Shirt
Colors & Miscellaneous,Yellow
Colors & Miscellaneous,Purple
Colors & Miscellaneous,Music
Creators & Influencers,Mumbo Jumbo
Creators & Influencers,Mumbo Jumbo
Creators & Influencers,Grian
Creators & Influencers,Sweet Anita
Food & Drink,Dairy Milk Chocolate
Food & Drink,Pasta
Food & Drink,Pad Thai
Food & Drink,Jaffa Cakes
Food & Drink,Terrys Chocolate Orange
Food & Drink,Glass of Milk
Food & Drink,Viennese Milk Chocolate Biscuits from Fox
Food & Drink,Millionaire Shortbread
Food & Drink,Classic Magnum Ice Cream
Food & Drink,Pistachios
Food & Drink,Bubble Tea
Food & Drink,Cashew Nuts
Food & Drink,Avocado
Food & Drink,BBQ Pringles
Food & Drink,Tripple Chocolate Cookies
Food & Drink,Thai Green Curry
Food & Drink,Tortellini
Food & Drink,Lindt Lindor Milk Choclate
Food & Drink,Tomato Red Pesto
Food & Drink,Super Noodles
Food & Drink,Lemons
Food & Drink,Stroganoff
Food & Drink,Butter Chicken Curry
Food & Drink,Chicken Katsu Curry
Food & Drink,Halloumi
Food & Drink,Cheddar Cheese
Movies & TV Shows,Doctor Who
Movies & TV Shows,Pan’s Labyrinth
Movies & TV Shows,Colour of Magic Film
Movies & TV Shows,Star Trek 2009
Movies & TV Shows,Rick and Morty
Movies & TV Shows,Top Gear
Movies & TV Shows,Gravity Falls
Movies & TV Shows,Moana
Space & Astronomy,Spaceships
Space & Astronomy,Space Exploration
Space & Astronomy,Moon
Space & Astronomy,Appolo Rocket
Space & Astronomy,Space Shuttle
Space & Astronomy,Astronomy
Technology & Platforms,Sony Headphoens
Technology & Platforms,DSLR and Mirrirless Cameras
Technology & Platforms,Mac
Technology & Platforms,iPad
Technology & Platforms,IPhone
Technology & Platforms,Apple
Technology & Platforms,Amazon
Technology & Platforms,YouTube
Technology & Platforms,Netflix
Technology & Platforms,Artificial Intelligence
Technology & Platforms,Virtual Reality
Technology & Platforms,Instagram
Technology & Platforms,Consumer Technology
Vehicles & Transportation,747-8
Vehicles & Transportation,1956 Chevolette Corvette
Vehicles & Transportation,Concorde
Vehicles & Transportation,Routemaster London Bus
Vehicles & Transportation,Mercedes 300sl Gullwing
Vehicles & Transportation,BMW 328I
Vehicles & Transportation,A380
Vehicles & Transportation,Tesla
Video Games,Stick Fight
Video Games,Minecraft
Video Games,Portal Video Game
Video Games,Grand Theft Auto V
Video Games,Grand Theft Auto VI
Video Games,Sky Gamblers: Rise of Glory