section,subsection,level,parent_item,title,description,full_text
Exterior,,1,,Not Near Airport,There’s nothing worse then being woken up or disrupted by a loud aircraft flying close by,Not Near Airport - There’s nothing worse then being woken up or disrupted by a loud aircraft flying close by
Exterior,,1,,Not Near Railway,Not near a main noisy road or near a railway airport or anything loud.,Not Near Railway - Not near a main noisy road or near a railway airport or anything loud.
Exterior,,1,,Relatively Near Grocery or Corner Store,You need to cook everyday and there’s nothing more annoying than commonly finding yourself to not have the right ingredients you need to cook why you want to cook.,Relatively Near Grocery or Corner Store - You need to cook everyday and there’s nothing more annoying than commonly finding yourself to not have the right ingredients you need to cook why you want to cook.
Exterior,,1,,Quiet Area,Not near a stadium or loud pub or main road. Quiet area.,Quiet Area - Not near a stadium or loud pub or main road. Quiet area.
Exterior,,1,,Hand Prints in Concrete,Leave hand prints and date in the concrete,Hand Prints in Concrete - Leave hand prints and date in the concrete
Exterior,,1,,Detached House,Detached house so we don’t get woken up by neighbours next door and so we don’t wake them up,Detached House - Detached house so we don’t get woken up by neighbours next door and so we don’t wake them up
Exterior,,1,,Solar Panels,Make sure it’s facing the optimal direction,Solar Panels - Make sure it’s facing the optimal direction
Exterior,,1,,Robots and Ai to carve stone,To make caving stone cheaper use a company that uses ai and robots to carve stone.,Robots and Ai to carve stone - To make caving stone cheaper use a company that uses ai and robots to carve stone.
Exterior,,1,,Fungi Mushroom Bricks,Could be more environmentally friendly and make sure they’re flame retardant,Fungi Mushroom Bricks - Could be more environmentally friendly and make sure they’re flame retardant
Exterior,,1,,Good Location,,Good Location
Exterior,,2,Good Location,Close to Supermarket,,Close to Supermarket
Exterior,,2,Good Location,Close to School,,Close to School
Exterior,,2,Good Location,Not Near Noisy Roads,,Not Near Noisy Roads
Exterior,,2,Good Location,West Side City because more wealthy area,,West Side City because more wealthy area
Exterior,,1,,View over the city,I want to be able to look down at the city while in the garden or from my bedroom,View over the city - I want to be able to look down at the city while in the garden or from my bedroom
Exterior,,1,,Near but not too close to train station,,Near but not too close to train station
Exterior,,1,,Biometric Smart Door Locks,"Doors that use fingerprint or facial recognition for secure, keyless entry.","Biometric Smart Door Locks - Doors that use fingerprint or facial recognition for secure, keyless entry."
Exterior,,1,,Driveway Turn Table,to easily turn your car around in a small driveway,Driveway Turn Table - to easily turn your car around in a small driveway
Exterior,,1,,Electric Fast Charging Station for Cars,May want multiple electric fast car stations for multiple cars parked at the house,Electric Fast Charging Station for Cars - May want multiple electric fast car stations for multiple cars parked at the house
Exterior,,1,,Security Cameras,Good enough quality to see faces and number plates. Pay for storage. Connected to the mains so you don’t have to keep changing batteries.,Security Cameras - Good enough quality to see faces and number plates. Pay for storage. Connected to the mains so you don’t have to keep changing batteries.
Exterior,,1,,Heated Driveway,A snow-melting driveway system to prevent slippery surfaces and reduce shoveling in winter.,Heated Driveway - A snow-melting driveway system to prevent slippery surfaces and reduce shoveling in winter.
Exterior,,1,,Don’t use Astro Turf because rubber cancerous,Unless you can find Astro that doesn’t use rubber pallets that can be eaten by children don’t get Astro Turf or any other artificial grass.,Don’t use Astro Turf because rubber cancerous - Unless you can find Astro that doesn’t use rubber pallets that can be eaten by children don’t get Astro Turf or any other artificial grass.
Exterior,,1,,Electric Car Integration with Smart Grid Charging,A smart charging station that can charge electric vehicles during off-peak hours and even return power to the house during shortages.,Electric Car Integration with Smart Grid Charging - A smart charging station that can charge electric vehicles during off-peak hours and even return power to the house during shortages.
Exterior,,1,,"Easy, Quick Secure Electric Bike Storage","Having to spend ages untangling and unlocking a bike lock every morning is very annoying, there should be way to easily secure and charge the electric bike.","Easy, Quick Secure Electric Bike Storage - Having to spend ages untangling and unlocking a bike lock every morning is very annoying, there should be way to easily secure and charge the electric bike."
Exterior,,1,,Horse Field,In the morning you can see your horses just outside your window.,Horse Field - In the morning you can see your horses just outside your window.
Exterior,,1,,AI Security Drones for Home Surveillance,"Small autonomous drones that patrol the property, providing live feeds and alerting homeowners to unusual activity.","AI Security Drones for Home Surveillance - Small autonomous drones that patrol the property, providing live feeds and alerting homeowners to unusual activity."
Layout Floor Plan,,1,,Bedrooms Not Close to Loud Rooms,Ideal room layout. Make sure bedrooms are far from entertaining spaces.,Bedrooms Not Close to Loud Rooms - Ideal room layout. Make sure bedrooms are far from entertaining spaces.
Layout Floor Plan,,1,,Slide Out Stacked Storage Bin Room,Big storage room filled with slide out big bin boxes that can easily labeled.,Slide Out Stacked Storage Bin Room - Big storage room filled with slide out big bin boxes that can easily labeled.
Layout Floor Plan,,1,,Dedicated Mudroom,"A space near the entrance for removing muddy shoes, hanging wet coats, and wiping down pets before entering the main house.","Dedicated Mudroom - A space near the entrance for removing muddy shoes, hanging wet coats, and wiping down pets before entering the main house."
Layout Floor Plan,,1,,Efficient Easy Trash System,make taking out the trash easy and as quick as possible.,Efficient Easy Trash System - make taking out the trash easy and as quick as possible.
Layout Floor Plan,,1,,Bathrooms don’t face Large Rooms,Bathrooms shouldn't face common entertainment spaces like dining rooms or living rooms.,Bathrooms don’t face Large Rooms - Bathrooms shouldn't face common entertainment spaces like dining rooms or living rooms.
Layout Floor Plan,,1,,Kitchen and Garage next to each other to push groceries through a small door,to stop you having to carry all the groceries through the house just have a little hidden door under a cupboard to slide in the groceries from the garage to the kitchen.,Kitchen and Garage next to each other to push groceries through a small door - to stop you having to carry all the groceries through the house just have a little hidden door under a cupboard to slide in the groceries from the garage to the kitchen.
Layout Floor Plan,,1,,Hidden Walk In Pantry,The door of the pantry just looks like a normal kitchen cupboard but actually goes way deeper to reveal a hidden walk in kitchen pantry,Hidden Walk In Pantry - The door of the pantry just looks like a normal kitchen cupboard but actually goes way deeper to reveal a hidden walk in kitchen pantry
Layout Floor Plan,,1,,Kitchen Opens to Living Room,Most people will like if the kitchen opens to the dining or living rooms so whoever is cooking can still interact with guests or keep an eye on the kids playing.,Kitchen Opens to Living Room - Most people will like if the kitchen opens to the dining or living rooms so whoever is cooking can still interact with guests or keep an eye on the kids playing.
Layout Floor Plan,,1,,Open Plan Houses Need Small Cosy Rooms,Although most of the house should be big open floor plan there should be a few small cosy bedrooms maybe in the roof of the house so some of the rooms feel cosy.,Open Plan Houses Need Small Cosy Rooms - Although most of the house should be big open floor plan there should be a few small cosy bedrooms maybe in the roof of the house so some of the rooms feel cosy.
Layout Floor Plan,,1,,"Secret Rooms, Hallways and Staircases","Behind a bookcase, secret ways to get around the houses. Places to hid in case of a home invasion.","Secret Rooms, Hallways and Staircases - Behind a bookcase, secret ways to get around the houses. Places to hid in case of a home invasion."
Layout Floor Plan,,1,,Back door not in line of front door,"Chinese Superstition says homes with a back door directly in line with the front door are bad luck. They are believed to have Chi come in only to have it go straight out the back door. Chinese superstitious want Chi to come into their homes, stay, and circulate throughout. The more positive energy, the better.","Back door not in line of front door - Chinese Superstition says homes with a back door directly in line with the front door are bad luck. They are believed to have Chi come in only to have it go straight out the back door. Chinese superstitious want Chi to come into their homes, stay, and circulate throughout. The more positive energy, the better."
Layout Floor Plan,,1,,Elevator,Place to put in a small elevator for when I get old and can’t walk up stairs,Elevator - Place to put in a small elevator for when I get old and can’t walk up stairs
Layout Floor Plan,,1,,Laundry Shoot,Tubes around the house you can easily throw your clothes in that take it straight to the laundry room.,Laundry Shoot - Tubes around the house you can easily throw your clothes in that take it straight to the laundry room.
Layout Floor Plan,,1,,Tower,,Tower
Layout Floor Plan,,1,,Washing Machine Near Drying Wracks,Even if you use the drying machine you might want to use drying wracks.,Washing Machine Near Drying Wracks - Even if you use the drying machine you might want to use drying wracks.
Layout Floor Plan,,1,,Gas Boiler in attic,Electric cooker and gas boiler should be in the attic to avoid carbon monoxide poisoning,Gas Boiler in attic - Electric cooker and gas boiler should be in the attic to avoid carbon monoxide poisoning
Layout Floor Plan,,1,,Sound Proof Laundry Room,"Laundry room should be sound proof and away from bedrooms or near the entertainment rooms, and should be out of site, and be able to stay warm in the winter to dry clothes","Sound Proof Laundry Room - Laundry room should be sound proof and away from bedrooms or near the entertainment rooms, and should be out of site, and be able to stay warm in the winter to dry clothes"
Layout Floor Plan,,1,,Artificial Skylights,especially on rooms with lots of interior walls or in basement room. This will make a really big difference to the feel of the rooms that. Even ones in the bed rooms might be nice when it’s a cloudy day.,Artificial Skylights - especially on rooms with lots of interior walls or in basement room. This will make a really big difference to the feel of the rooms that. Even ones in the bed rooms might be nice when it’s a cloudy day.
Layout Floor Plan,,1,,Big room for House Entrance space,Big Entrance Room to the house creates an Impressive impression for any visitors to the home.,Big room for House Entrance space - Big Entrance Room to the house creates an Impressive impression for any visitors to the home.
Layout Floor Plan,,1,,Built-In Safe Room,"– A small, reinforced hidden room for emergencies or security threats.","Built-In Safe Room - – A small, reinforced hidden room for emergencies or security threats."
Layout Floor Plan,,1,,Cupboards with Secret Door Ways,"A cupboard with a secret back, that can open up to networker secret passageways","Cupboards with Secret Door Ways - A cupboard with a secret back, that can open up to networker secret passageways"
Layout Floor Plan,,1,,Padded Silent Doors,all doors need the bedrooms need to be silent enough in order to not wake anyone up if someone needs to go to the toilet.,Padded Silent Doors - all doors need the bedrooms need to be silent enough in order to not wake anyone up if someone needs to go to the toilet.
Layout Floor Plan,,1,,Cinema room sound proof on all four walls and door,,Cinema room sound proof on all four walls and door
Layout Floor Plan,,1,,Ventilation and Airflow Between Rooms,it’s important for staying call and get rid of odours that there’s good ventilation.,Ventilation and Airflow Between Rooms - it’s important for staying call and get rid of odours that there’s good ventilation.
Layout Floor Plan,,1,,Wrap Around Covered Porch,for summer those days you want to sit out without getting totally sunburned. Or those days it’s raining but want to peak outside without getting wet.,Wrap Around Covered Porch - for summer those days you want to sit out without getting totally sunburned. Or those days it’s raining but want to peak outside without getting wet.
Layout Floor Plan,,1,,Super Charger in garage,Fast electric car charger,Super Charger in garage - Fast electric car charger
Design,,1,,Use the Golden Ratio Rule,,Use the Golden Ratio Rule
Design,,1,,Use the 60-30-10 rule for colour,,Use the 60-30-10 rule for colour
Every Room,,1,,High Ceilings,,High Ceilings
Every Room,,1,,Avoid Trip barriers beteeen floors,,Avoid Trip barriers beteeen floors
Every Room,,1,,Lots of natural light but also black out blinds or curtains,"I think high ceilings and lots of natural light makes the home feel so much brighter and improves our mood, but sometimes you want it darker for watching films or because it’s too sunny.","Lots of natural light but also black out blinds or curtains - I think high ceilings and lots of natural light makes the home feel so much brighter and improves our mood, but sometimes you want it darker for watching films or because it’s too sunny."
Every Room,,1,,Windows with built in insect nets blinds,Some windows should have built in insect mosquitoes nets that can be pulled down while also allowing you to open the window and let the fresh air in. The mosquitoes nets should be easy to pull down and apply but then also be easy to roll up and disappear when you want and uninterrupted view.,Windows with built in insect nets blinds - Some windows should have built in insect mosquitoes nets that can be pulled down while also allowing you to open the window and let the fresh air in. The mosquitoes nets should be easy to pull down and apply but then also be easy to roll up and disappear when you want and uninterrupted view.
Every Room,,1,,Hidden Storage,To make everything look a lot less cluttered I think hidden storage is key in every room.,Hidden Storage - To make everything look a lot less cluttered I think hidden storage is key in every room.
Every Room,,1,,No Creaky Floors,Creaky floors wake portions up a night,No Creaky Floors - Creaky floors wake portions up a night
Every Room,,1,,Trash Chutes,So we don’t have to carry dirty bin bags all round the house. It would be good if there were trash chutes near where they’re needed so we didn’t carry bags all around the house.,Trash Chutes - So we don’t have to carry dirty bin bags all round the house. It would be good if there were trash chutes near where they’re needed so we didn’t carry bags all around the house.
Every Room,,1,,Concealed Hidden Magnet Door Latch,To keep doors staying open and to not have a door latch sticking out out the floor or wall you could have a completely hidden magnet system in your door and floor to keep the door open.,Concealed Hidden Magnet Door Latch - To keep doors staying open and to not have a door latch sticking out out the floor or wall you could have a completely hidden magnet system in your door and floor to keep the door open.
Every Room,,1,,Skirting Board Heating,instead of radiators the heating could be hidden in the skirting board.,Skirting Board Heating - instead of radiators the heating could be hidden in the skirting board.
Every Room,,1,,Anti-Bacterial Surfaces in Bathrooms and Kitchen,"– Use surfaces with anti-bacterial properties for sinks, counters, and floors.","Anti-Bacterial Surfaces in Bathrooms and Kitchen - – Use surfaces with anti-bacterial properties for sinks, counters, and floors."
Every Room,,1,,All drinking taps must have the best water filter system you can get,water can have plastic and other harmful chemicals and particles in.,All drinking taps must have the best water filter system you can get - water can have plastic and other harmful chemicals and particles in.
Every Room,,1,,Extremely Fast Wi-Fi,Slow Wi-Fi is the worst.,Extremely Fast Wi-Fi - Slow Wi-Fi is the worst.
Every Room,,1,,Mains Wired Motion Sensor Lights in Cupboards,it’s always a pain when you have to go around each battery operated and recharge it and then put it back. It would much better if all the small motions sensor lights in the cupboards were also plugged into the mains supply.,Mains Wired Motion Sensor Lights in Cupboards - it’s always a pain when you have to go around each battery operated and recharge it and then put it back. It would much better if all the small motions sensor lights in the cupboards were also plugged into the mains supply.
Every Room,,1,,Hidden Charging Stations in Every Room,Built-in charging docks in drawers or cupboards to keep devices powered without visible clutter.,Hidden Charging Stations in Every Room - Built-in charging docks in drawers or cupboards to keep devices powered without visible clutter.
Every Room,,1,,High Ceilings,I think high ceilings are what makes an upper class house feel upper class. Makes it feel more open and grand.,High Ceilings - I think high ceilings are what makes an upper class house feel upper class. Makes it feel more open and grand.
Every Room,,1,,Heated Skirting Boards,Instead of radiators or air vents you should use heated skirted board for more space and more even heating.,Heated Skirting Boards - Instead of radiators or air vents you should use heated skirted board for more space and more even heating.
Every Room,,1,,Lots of Plug Sockets - We live in a tech driven world. We will probably want not issue of not having enough tidy plugs to power our electronics.,,Lots of Plug Sockets - We live in a tech driven world. We will probably want not issue of not having enough tidy plugs to power our electronics.
Every Room,,1,,Good air conditioning!,Good air conditioning in all the rooms especially the ones we spend the most time in and bedrooms,Good air conditioning! - Good air conditioning in all the rooms especially the ones we spend the most time in and bedrooms
Every Room,,1,,Soft-Close Cabinet and Drawer Mechanisms,Prevent little fingers from getting trapped with soft-close hinges on all cabinets and drawers.,Soft-Close Cabinet and Drawer Mechanisms - Prevent little fingers from getting trapped with soft-close hinges on all cabinets and drawers.
Every Room,,1,,Top of Furniture Connected To Wall,"To stop kids combing and toppling over furniture, it should be secured to the wall to stop that occurring.","Top of Furniture Connected To Wall - To stop kids combing and toppling over furniture, it should be secured to the wall to stop that occurring."
Every Room,,1,,Air Quality Monitoring and Purification System,Real-time air quality sensors paired with smart air purifiers to maintain optimal indoor air health.,Air Quality Monitoring and Purification System - Real-time air quality sensors paired with smart air purifiers to maintain optimal indoor air health.
Every Room,,1,,Plug sockets inside drawers,plugs sockets inside draws so you can hide away our charging devices and cables for your battery pack or camera charger,Plug sockets inside drawers - plugs sockets inside draws so you can hide away our charging devices and cables for your battery pack or camera charger
Every Room,,1,,Magnetic Insect Nets on Windows,"Windows that you can magnetically attach insect tight mosquito nets too, so you can open the window wide if your hot and not have to worry about insects coming in.","Magnetic Insect Nets on Windows - Windows that you can magnetically attach insect tight mosquito nets too, so you can open the window wide if your hot and not have to worry about insects coming in."
Every Room,,1,,Built In Door Stops Openers,A door holder opener for almost every door. Door stops to stop holes in the walls,Built In Door Stops Openers - A door holder opener for almost every door. Door stops to stop holes in the walls
Every Room,,1,,Big Windows and Ceiling Windows,Lots of windows for natural light and maybe roof windows,Big Windows and Ceiling Windows - Lots of windows for natural light and maybe roof windows
Every Room,,1,,Cupboards up to the Ceiling,Cupboard that you can’t things on top on because it reaches to the ceiling. This also means dust won’t build up on the top of cupboards.,Cupboards up to the Ceiling - Cupboard that you can’t things on top on because it reaches to the ceiling. This also means dust won’t build up on the top of cupboards.
Every Room,,1,,Hand Held Vacuum Cleaners in Every Room,Should be constantly on charge when not in use,Hand Held Vacuum Cleaners in Every Room - Should be constantly on charge when not in use
Every Room,,1,,Child-Safe Window Latches,Windows with safety latches that prevent them from opening wide enough for a child to fall through.,Child-Safe Window Latches - Windows with safety latches that prevent them from opening wide enough for a child to fall through.
Every Room,,1,,Automatic Opening Bins,These should be attached to the mains if possible so we’re not constantly having to change and charge the batteries.,Automatic Opening Bins - These should be attached to the mains if possible so we’re not constantly having to change and charge the batteries.
Every Room,,1,,Taps should not be too close to the sink edge,There should be lots of room to wash hands without it touching the rest of the sink even at low power.,Taps should not be too close to the sink edge - There should be lots of room to wash hands without it touching the rest of the sink even at low power.
Every Room,,1,,Scented Rooms,Scented items in the bedroom and in the main rooms.,Scented Rooms - Scented items in the bedroom and in the main rooms.
Every Room,,1,,Motion Sensor Lights in Cupboards,for big cupboards and pantry and under the stairs cupboard all connected to the mains not battery operated.,Motion Sensor Lights in Cupboards - for big cupboards and pantry and under the stairs cupboard all connected to the mains not battery operated.
Every Room,,1,,Carbon Monoxide Alarm,,Carbon Monoxide Alarm
Every Room,,1,,Fire Alarm,And fire blankets and fire extinguishers. Even in the bed room where a hair straightener might catch fire.,Fire Alarm - And fire blankets and fire extinguishers. Even in the bed room where a hair straightener might catch fire.
Every Room,,1,,Vacuum Cleaner Robot,One that can learn the layout of the house.,Vacuum Cleaner Robot - One that can learn the layout of the house.
Every Room,,1,,Separate Blackout Curtains,Second layer of blackout curtains everywhere,Separate Blackout Curtains - Second layer of blackout curtains everywhere
Every Room,,1,,Mood Lighting,"That’s easy to fix if it breaks, and easy to link to a smart speaker","Mood Lighting - That’s easy to fix if it breaks, and easy to link to a smart speaker"
Every Room,,1,,Under Floor Heating,Keep your feet warm in the winter,Under Floor Heating - Keep your feet warm in the winter
Every Room,,1,,Slip-Resistant Flooring in Wet Areas,"Bathroom, kitchen, and entryway floors designed with anti-slip surfaces to reduce accidents.","Slip-Resistant Flooring in Wet Areas - Bathroom, kitchen, and entryway floors designed with anti-slip surfaces to reduce accidents."
Every Room,,1,,Artificial Skylights,Makes a real difference even on rainy days,Artificial Skylights - Makes a real difference even on rainy days
Every Room,,1,,Intercom System or Alexa,For when you need to announce it’s dinner time,Intercom System or Alexa - For when you need to announce it’s dinner time
Every Room,,1,,Smart Lights,Easy to connect to a smart speaker and capable of changing colours for parties.,Smart Lights - Easy to connect to a smart speaker and capable of changing colours for parties.
Every Room,,1,,Air Purifiers,Clean air is important for good health and sleep quality,Air Purifiers - Clean air is important for good health and sleep quality
Every Room,,1,,Hidden speakers in every room,Connected speaks that make it easy to play music with a high quality sound where ever you are in the house.,Hidden speakers in every room - Connected speaks that make it easy to play music with a high quality sound where ever you are in the house.
Every Room,,1,,Fire Sprinklers,To Diffuse a fire,Fire Sprinklers - To Diffuse a fire
Every Room,,1,,Fire Proof Doors,to compartmentalise a fire.,Fire Proof Doors - to compartmentalise a fire.
Every Room,,1,,Smart Water Leak Sensors,"Install sensors in bathrooms, kitchens, and laundry rooms to detect water leaks early and prevent damage.","Smart Water Leak Sensors - Install sensors in bathrooms, kitchens, and laundry rooms to detect water leaks early and prevent damage."
Rooms Names,,1,,Bedroom x 3,,Bedroom x 3
Rooms Names,,1,,Kitchen,,Kitchen
Rooms Names,,1,,Playroom,,Playroom
Rooms Names,,1,,Study,,Study
Rooms Names,,1,,Tower,,Tower
Rooms Names,,1,,Living room / lounge,,Living room / lounge
Rooms Names,,1,,Caught yard,,Caught yard
Rooms Names,,1,,Gym,,Gym
Rooms Names,,1,,Toy / play room (Next to kitchen),,Toy / play room (Next to kitchen)
Rooms Names,,1,,Lego Gallery room (display all mine and my fathers Lego models),,Lego Gallery room (display all mine and my fathers Lego models)
Rooms Names,,1,,Video Game room,,Video Game room
Rooms Names,,1,,Bathroom,,Bathroom
Rooms Names,,1,,Cloak room,,Cloak room
Rooms Names,,1,,Pantry,,Pantry
Rooms Names,,1,,Utility room,,Utility room
Rooms Names,,1,,Roof garden,,Roof garden
Rooms Names,,1,,Library,,Library
Rooms Names,,1,,Conservatory,,Conservatory
Rooms Names,,1,,Hall,,Hall
Rooms Names,,1,,Cinema,,Cinema
Rooms Names,,1,,Security room,,Security room
Rooms Names,,1,,Personal assistant living area,,Personal assistant living area
Rooms Names,,1,,Tardis Interior,,Tardis Interior
Rooms Names,,1,,Workshop,,Workshop
Rooms Names,,1,,Safe Room,,Safe Room
Rooms Names,,1,,Green screen room,,Green screen room
Rooms Names,,1,,Smooth white white bright room for filming,,Smooth white white bright room for filming
Rooms Names,,1,,Laundry room,,Laundry room
Rooms Names,,1,,Indoor horse riding area a,,Indoor horse riding area a
Rooms Names,,1,,Barber room,,Barber room
Stairs,,1,,Elevator,Place to put in a small elevator for when I get old and can’t walk up stairs,Elevator - Place to put in a small elevator for when I get old and can’t walk up stairs
Stairs,,1,,Hidden Dog Gate,Dog gate that can be pushed into the wall and look like there’s no gate at all.,Hidden Dog Gate - Dog gate that can be pushed into the wall and look like there’s no gate at all.
Stairs,,1,,Perfectly Sized Stairs,Stairs that are perfectly that are the right size and reduces tripping,Perfectly Sized Stairs - Stairs that are perfectly that are the right size and reduces tripping
Stairs,,1,,Carpeted Stairs are Less Slippy,Carpeted stairs so dogs don’t slip on them,Carpeted Stairs are Less Slippy - Carpeted stairs so dogs don’t slip on them
Stairs,,1,,Motion Sensor Lights,Automatic motion detector lights under the lip of the stairs (so you don’t trip down the stairs at night.,Motion Sensor Lights - Automatic motion detector lights under the lip of the stairs (so you don’t trip down the stairs at night.
Stairs,,1,,Full Size Hidden Slide,There should be a classy fashionable good looking indoor slide hidden from the main staircase,Full Size Hidden Slide - There should be a classy fashionable good looking indoor slide hidden from the main staircase
Stairs,,1,,Staircase Safety Gates,"Stylish, retractable gates at the top and bottom of staircases to prevent unsupervised climbing or falls.","Staircase Safety Gates - Stylish, retractable gates at the top and bottom of staircases to prevent unsupervised climbing or falls."
Kitchen,,1,,Medicine Box Easy to Get To,For when you cut yourself cooking or burn yourself while cooking.,Medicine Box Easy to Get To - For when you cut yourself cooking or burn yourself while cooking.
Kitchen,,1,,Place To Hang Up Washing Gloves,Washing Gloves Hooo,Place To Hang Up Washing Gloves - Washing Gloves Hooo
Kitchen,,1,,Two dish washes,One for dirty dishes and one you take clean dishes out. Then you never have to do any washing you just load and unload dishes as you need to.,Two dish washes - One for dirty dishes and one you take clean dishes out. Then you never have to do any washing you just load and unload dishes as you need to.
Kitchen,,1,,Lots of draws not cud boards,Draws allow you to see things at the back easily where as cupboards often leave things untouched at the back.,Lots of draws not cud boards - Draws allow you to see things at the back easily where as cupboards often leave things untouched at the back.
Kitchen,,1,,Don’t put sink on kitchen island,Put the sink and tap along the wall so it’s not obstructing the open space,Don’t put sink on kitchen island - Put the sink and tap along the wall so it’s not obstructing the open space
Kitchen,,1,,Don’t use tiles as splash backs,The tiles get grubbing and dirty in the grout goes bad colour over time.,Don’t use tiles as splash backs - The tiles get grubbing and dirty in the grout goes bad colour over time.
Kitchen,,1,,Hidden Walk In Pantry,The door of the pantry just looks like a normal kitchen cupboard but actually goes way deeper to reveal a hidden walk in kitchen pantry,Hidden Walk In Pantry - The door of the pantry just looks like a normal kitchen cupboard but actually goes way deeper to reveal a hidden walk in kitchen pantry
Kitchen,,1,,Kitchen Opens to Living Room,Most people will like if the kitchen opens to the dining or living rooms so whoever is cooking can still interact with guests or keep an eye on the kids playing.,Kitchen Opens to Living Room - Most people will like if the kitchen opens to the dining or living rooms so whoever is cooking can still interact with guests or keep an eye on the kids playing.
Kitchen,,1,,Joint Hot and Cold Tap in Sink,So you can get the right temperature for washing the dishes.,Joint Hot and Cold Tap in Sink - So you can get the right temperature for washing the dishes.
Kitchen,,1,,Non Plastic or Wood Chopping Board,"I don’t think it’s good having tiny microplastic in my food. Could be Carcinogenic. A wood one has lots of micropores where the food seaps in and makes it hard to wash. that So a stone, metal or glass one is probably better.","Non Plastic or Wood Chopping Board - I don’t think it’s good having tiny microplastic in my food. Could be Carcinogenic. A wood one has lots of micropores where the food seaps in and makes it hard to wash. that So a stone, metal or glass one is probably better."
Kitchen,,1,,Food Bin the Automatically Opens,Always so annoying when you have to touch the dirty food bin when peeling an orange or banana.,Food Bin the Automatically Opens - Always so annoying when you have to touch the dirty food bin when peeling an orange or banana.
Kitchen,,1,,Best Dishwasher Money Can Buy,Washing dishes by hand takes a lot of your time each day.,Best Dishwasher Money Can Buy - Washing dishes by hand takes a lot of your time each day.
Kitchen,,1,,Double massive sinks,One sink for washing and cleaning food for cooking and then another big sink to soak lots of dishes and cutlery before putting them in the dishwasher so that the food does dry and get stuck on them.,Double massive sinks - One sink for washing and cleaning food for cooking and then another big sink to soak lots of dishes and cutlery before putting them in the dishwasher so that the food does dry and get stuck on them.
Kitchen,,1,,Extra Movable Traveling Island,a hidden away kitchen table top surface that can be easily slidden out when you need more kitchen surface space. And put away when you want more openness to the kitchen,Extra Movable Traveling Island - a hidden away kitchen table top surface that can be easily slidden out when you need more kitchen surface space. And put away when you want more openness to the kitchen
Kitchen,,1,,Double Chopping board slot,to stop chopping board sliding around have a mechanism that keeps them from sliding around when cutting stuff. Two slots for when you need to cut lots of stuff or two people need to cut stuff.,Double Chopping board slot - to stop chopping board sliding around have a mechanism that keeps them from sliding around when cutting stuff. Two slots for when you need to cut lots of stuff or two people need to cut stuff.
Kitchen,,1,,Two Microwaves,"Always having to wait to hit up food take it in turns, and by the time the second persons is done the first ones has got cold.","Two Microwaves - Always having to wait to hit up food take it in turns, and by the time the second persons is done the first ones has got cold."
Kitchen,,1,,Under Cupboards kitchen Lights to light up kitchen surfaces,Even with main lights the cupboard often cast shadow on the back of the kitchen surfaces so we should have lights at the back to light that up,Under Cupboards kitchen Lights to light up kitchen surfaces - Even with main lights the cupboard often cast shadow on the back of the kitchen surfaces so we should have lights at the back to light that up
Kitchen,,1,,Collapsible Shelves attached to bottom of top cupboards,These shelves are attached to the bottom of the cupboards and have a mechanising for exiting downwards giving you more space to put things.,Collapsible Shelves attached to bottom of top cupboards - These shelves are attached to the bottom of the cupboards and have a mechanising for exiting downwards giving you more space to put things.
Kitchen,,1,,Space Under Sink for Legs,Sometimes you’ll need to sit/stand at the sink for a while washing up or cutting vegetables and it would be nice if you could sit down and tuck your legs under the sink so you can actually get closer to the sink when using it.,Space Under Sink for Legs - Sometimes you’ll need to sit/stand at the sink for a while washing up or cutting vegetables and it would be nice if you could sit down and tuck your legs under the sink so you can actually get closer to the sink when using it.
Kitchen,,1,,Microwave with Completely Transparent Window,This is a new technology that uses Electro Magnetic Interfaces film which invisible to the naked eye,Microwave with Completely Transparent Window - This is a new technology that uses Electro Magnetic Interfaces film which invisible to the naked eye
Kitchen,,1,,Not Too Low Table Tops,Table tops in kitchen and in bathroom not to low down that I have to bend my back to use them for hours. (But not to high that shorter people can’t use them),Not Too Low Table Tops - Table tops in kitchen and in bathroom not to low down that I have to bend my back to use them for hours. (But not to high that shorter people can’t use them)
Kitchen,,1,,Blackout Curtains,For watching movies,Blackout Curtains - For watching movies
Kitchen,,1,,Big Sink,sometimes you have really big pans that are hard to wash so a big sink basin would be really helpful.,Big Sink - sometimes you have really big pans that are hard to wash so a big sink basin would be really helpful.
Kitchen,,1,,Tall Taps,"Tall high taps above sink to help fit pots and pans in the sink, or bendable taps","Tall Taps - Tall high taps above sink to help fit pots and pans in the sink, or bendable taps"
Kitchen,,1,,Magnetic Childproof Locks,"– Hidden magnetic locks on cupboards and drawers to keep dangerous tools, sharp objects, and chemicals safely away from children.","Magnetic Childproof Locks - – Hidden magnetic locks on cupboards and drawers to keep dangerous tools, sharp objects, and chemicals safely away from children."
Kitchen,,1,,Lots of Table Surface Space,"Lots of counter top space Kitchen but don’t put that sink, stove and fridge too far away","Lots of Table Surface Space - Lots of counter top space Kitchen but don’t put that sink, stove and fridge too far away"
Kitchen,,1,,Two Big Sinks Next To Each Other,Two big sinks next to each other in kitchen. One for dishwashing one for other uses.,Two Big Sinks Next To Each Other - Two big sinks next to each other in kitchen. One for dishwashing one for other uses.
Kitchen,,1,,Big Dishwashing Drying Wrack,Extra large double drying rack for drying dishes,Big Dishwashing Drying Wrack - Extra large double drying rack for drying dishes
Kitchen,,1,,Pot Filler Over Stove,"Pot filler over stove for filling pots with water on the stove without having to to sink or kettle, also must have a short hose to fill pots at different heights","Pot Filler Over Stove - Pot filler over stove for filling pots with water on the stove without having to to sink or kettle, also must have a short hose to fill pots at different heights"
Kitchen,,1,,Hidden Knife Cupboard,Vertical knife cupboard so knives can be hidden away safely away from children,Hidden Knife Cupboard - Vertical knife cupboard so knives can be hidden away safely away from children
Kitchen,,1,,Built-In Pet Spaces,"Hidden pet feeding stations, built-in beds, and washing stations for pets integrated into the kitchen","Built-In Pet Spaces - Hidden pet feeding stations, built-in beds, and washing stations for pets integrated into the kitchen"
Kitchen,,1,,Hidden Washing Machine and Dishwasher,Cardboard doors in front of washing machine and dishwasher so you can hid them away,Hidden Washing Machine and Dishwasher - Cardboard doors in front of washing machine and dishwasher so you can hid them away
Kitchen,,1,,Plastic instead of wood chopping board and spoons,Cooking with wooden items can be bad as the bacteria can easily get trapped in absorbed into the wood.,Plastic instead of wood chopping board and spoons - Cooking with wooden items can be bad as the bacteria can easily get trapped in absorbed into the wood.
Kitchen,,1,,Automatic Opening Hidden Bins,Bin drawers so you can hide the bin. Also the bin should have a motion sensored,Automatic Opening Hidden Bins - Bin drawers so you can hide the bin. Also the bin should have a motion sensored
Kitchen,,1,,Back Splash Tiles,Don’t forget a backsplash or tiles in your kitchen to keep your kitchen walls clean.,Back Splash Tiles - Don’t forget a backsplash or tiles in your kitchen to keep your kitchen walls clean.
Kitchen,,1,,Proper Hot Tap,Proper hot tap in the kitchen as it’s easier to dry dishes when the water evaporates after you’ve dried them. (But might have bacteria in it),Proper Hot Tap - Proper hot tap in the kitchen as it’s easier to dry dishes when the water evaporates after you’ve dried them. (But might have bacteria in it)
Kitchen,,1,,Hidden Tool Box in Cupboard,There should be a place to hide and put away a tool box in the kitchen that is easy to get to.,Hidden Tool Box in Cupboard - There should be a place to hide and put away a tool box in the kitchen that is easy to get to.
Kitchen,,1,,Second Extra Large Recycling Bin,There should be a big recycling bin in the kitchen or near the entrance for all the cardboard boxes and packaging to get from deliveries and from Amazon. They should be an extra bin in the kitchen for large bottles and cartons for the recycling so they don’t full up all the big stuff.,Second Extra Large Recycling Bin - There should be a big recycling bin in the kitchen or near the entrance for all the cardboard boxes and packaging to get from deliveries and from Amazon. They should be an extra bin in the kitchen for large bottles and cartons for the recycling so they don’t full up all the big stuff.
Kitchen,,1,,Motion Sensor Lights in Cupboards,for big cupboards and pantry and under the stairs cupboard all connected to the mains not battery operated.,Motion Sensor Lights in Cupboards - for big cupboards and pantry and under the stairs cupboard all connected to the mains not battery operated.
Kitchen,,1,,Fire Extinguisher and Blanket,Fire extinguisher and Blanket and possible a hose in the kitchen,Fire Extinguisher and Blanket - Fire extinguisher and Blanket and possible a hose in the kitchen
Kitchen,,1,,Charging Port In Cupboard Above Sink,A charging port in the cupboard above the sink so I can put my iPad there while doing the washing up.,Charging Port In Cupboard Above Sink - A charging port in the cupboard above the sink so I can put my iPad there while doing the washing up.
Kitchen,,1,,Massive Projector and Scree,n - in the kitchen that can be hidden away for watching cooking tutorials,Massive Projector and Scree - n - in the kitchen that can be hidden away for watching cooking tutorials
Kitchen,,1,,Corner Draws in kitchen,To make it easier to put stuff in corner of counter cupboard space.,Corner Draws in kitchen - To make it easier to put stuff in corner of counter cupboard space.
Kitchen,,1,,Swivel trays for Corner Cupboards,makes it easier to get to things into cupboards,Swivel trays for Corner Cupboards - makes it easier to get to things into cupboards
Kitchen,,1,,Large hidden bins,There’s nothing more annoying then constantly having to take out the recycling bin bins,Large hidden bins - There’s nothing more annoying then constantly having to take out the recycling bin bins
Kitchen,,1,,Blue Theme,Have a blue plates and dishes and blue kitchen theme to make you want to eat less,Blue Theme - Have a blue plates and dishes and blue kitchen theme to make you want to eat less
Kitchen,,1,,Extra long Teaspoons,for getting to the bottom of tall thin jars,Extra long Teaspoons - for getting to the bottom of tall thin jars
Kitchen,,1,,Actual Stainless Steal,Make sure you get actual stainless steel not grimy stainless steel,Actual Stainless Steal - Make sure you get actual stainless steel not grimy stainless steel
Kitchen,,1,,Different Colour Sponges for Purposes,Different colour sponge for washing dishes and cleaning surfaces.,Different Colour Sponges for Purposes - Different colour sponge for washing dishes and cleaning surfaces.
Kitchen,,1,,LED Faucet,(no batteries needed),LED Faucet - (no batteries needed)
Kitchen,,1,,Oven Gloves with Silicone Mittens,Fabric oven gloves are harder to clean when you spill sources or liquids on them.,Oven Gloves with Silicone Mittens - Fabric oven gloves are harder to clean when you spill sources or liquids on them.
Kitchen,,1,,Non White Table Surface,A white table surface will show Staines and dirt a lot easier. Unless it’s a made from a stone that doesn’t stain easily.,Non White Table Surface - A white table surface will show Staines and dirt a lot easier. Unless it’s a made from a stone that doesn’t stain easily.
Kitchen,,1,,Plastic Food Bag Clips,Lots of clips for clipping food bags and putting them in cupboards and the fridge,Plastic Food Bag Clips - Lots of clips for clipping food bags and putting them in cupboards and the fridge
Kitchen,,1,,Mini Pizza Oven,You’re very own mini pizza oven,Mini Pizza Oven - You’re very own mini pizza oven
Dinning Room,,1,,Blackout Curtains,For watching movies,Blackout Curtains - For watching movies
Dinning Room,,1,,Overlapping Curtains,Curtain rails that overlap so there’s no light that seep through,Overlapping Curtains - Curtain rails that overlap so there’s no light that seep through
Dinning Room,,1,,Non White Table Surface,A white table surface will show Staines and dirt a lot easier,Non White Table Surface - A white table surface will show Staines and dirt a lot easier
Dinning Room,,1,,Machine Washable Rugs,There’s no doubt that people will drop food and drinks on the rug. Machine washable means we can keep them clean when guest come around.,Machine Washable Rugs - There’s no doubt that people will drop food and drinks on the rug. Machine washable means we can keep them clean when guest come around.
Bedroom,,1,,Silent Air Conditioning,There’s nothing more annoying than a loud air conditioner when you’re trying to sleep. My must stressful moment on holiday where when it was too hot to turn off the air conditioner but also way too loud while I try to fall asleep.,Silent Air Conditioning - There’s nothing more annoying than a loud air conditioner when you’re trying to sleep. My must stressful moment on holiday where when it was too hot to turn off the air conditioner but also way too loud while I try to fall asleep.
Bedroom,,1,,Alaskan King Bed,This is a great bed size for the whole family,Alaskan King Bed - This is a great bed size for the whole family
Bedroom,,1,,Complete Silence at Night,"No noise from air conditioning system, or any hvac system or anything. No nose form outside, trains, planes, cars or any other loud nosiness outside. No white noise. Just complete silence at night.","Complete Silence at Night - No noise from air conditioning system, or any hvac system or anything. No nose form outside, trains, planes, cars or any other loud nosiness outside. No white noise. Just complete silence at night."
Bedroom,,1,,Zippable pillow cases and duvet covers,Button duvet covers always come undone. And pillow cases without zip always let the pillow slip out. So instead get pillow cases and duvet covers with zips on. But good quality zips that won’t break easily.,Zippable pillow cases and duvet covers - Button duvet covers always come undone. And pillow cases without zip always let the pillow slip out. So instead get pillow cases and duvet covers with zips on. But good quality zips that won’t break easily.
Bedroom,,1,,Super Soft Duvet Cover,Non stiff or rough duvet cover,Super Soft Duvet Cover - Non stiff or rough duvet cover
Bedroom,,1,,Dual Big Floor to Ceiling Mirrors,Two big mirrors for two people so you can easily see the outfit you’re coming out for the day.,Dual Big Floor to Ceiling Mirrors - Two big mirrors for two people so you can easily see the outfit you’re coming out for the day.
Bedroom,,1,,Two Sinks in Master Bedroom En-suite,Two sinks for when you and your partner are trying to get ready at the same time.,Two Sinks in Master Bedroom En-suite - Two sinks for when you and your partner are trying to get ready at the same time.
Bedroom,,1,,Secret Door Entrance Looks Like Wardrobe,Just like in Narnia the actually walk in wardrobe could be hind a normal looking wardrobe.,Secret Door Entrance Looks Like Wardrobe - Just like in Narnia the actually walk in wardrobe could be hind a normal looking wardrobe.
Bedroom,,1,,True Mirror,"Each bedroom has a true mirror, two mirrors at 90° without a seam between them. Shows how people really see you.","True Mirror - Each bedroom has a true mirror, two mirrors at 90° without a seam between them. Shows how people really see you."
Bedroom,,1,,Large concealed hidden bin,You’ll be surprised at how many times you need the bin in the bedroom but it shouldn’t be visible and should be quite big so you don’t habe to keep changing it.,Large concealed hidden bin - You’ll be surprised at how many times you need the bin in the bedroom but it shouldn’t be visible and should be quite big so you don’t habe to keep changing it.
Bedroom,,1,,Easily Accessible Extra Duvet - Never know when your heating will brake or you just want to be extra cosy. Always nice to have a spare big duvet in an easily accessible cupboard.,,Easily Accessible Extra Duvet - Never know when your heating will brake or you just want to be extra cosy. Always nice to have a spare big duvet in an easily accessible cupboard.
Bedroom,,1,,Light Switch for Outdoor Lights,sometimes you hear a sound at night and want to check outside so you could have a switch to turn on all the lights outside your window and the floodlights in your garden. All from the comfort of your bedroom.,Light Switch for Outdoor Lights - sometimes you hear a sound at night and want to check outside so you could have a switch to turn on all the lights outside your window and the floodlights in your garden. All from the comfort of your bedroom.
Bedroom,,1,,Laundry room in noise cancelled bedroom closet,What’s the point in taking your laundry all the way downstairs if you’re just going to have to take them back up to your bedroom when done. Just do your laundry next to your bedroom in your walk in closet.,Laundry room in noise cancelled bedroom closet - What’s the point in taking your laundry all the way downstairs if you’re just going to have to take them back up to your bedroom when done. Just do your laundry next to your bedroom in your walk in closet.
Bedroom,,1,,Motion Activated Closet Lights,To save you accidentally forgetting to turn off your closet like get in wired powered motion activated closet lights.,Motion Activated Closet Lights - To save you accidentally forgetting to turn off your closet like get in wired powered motion activated closet lights.
Bedroom,,1,,TV slides behind because or wall,Instead of a big black tv or a picture frame tv being centre of attention we move it behind a an easy to slide bookcase or wall.,TV slides behind because or wall - Instead of a big black tv or a picture frame tv being centre of attention we move it behind a an easy to slide bookcase or wall.
Bedroom,,1,,Hidden heated clothes racks,"it’s so nice having hot warm clothes in the morning, but you don’t always want them to be seen, so having a heated cupboard and way to hang up clothes that you can take out freshly warm in the morning would be really nice.","Hidden heated clothes racks - it’s so nice having hot warm clothes in the morning, but you don’t always want them to be seen, so having a heated cupboard and way to hang up clothes that you can take out freshly warm in the morning would be really nice."
Bedroom,,1,,Foldable Wall Parting for Loft Bedroom,"In the main bedroom over the loft layout, it’s open to big windows, so their needs to be a rollable wall parting to close off that space for when we want privacy in the bed. But at the same time we don’t want a random floating bar obstructing our view unless it was really high up. So maybe just a really high curtain, where the rail didn’t obstruct our view.","Foldable Wall Parting for Loft Bedroom - In the main bedroom over the loft layout, it’s open to big windows, so their needs to be a rollable wall parting to close off that space for when we want privacy in the bed. But at the same time we don’t want a random floating bar obstructing our view unless it was really high up. So maybe just a really high curtain, where the rail didn’t obstruct our view."
Bedroom,,1,,Two Warm and Cold taps in en-suite bathroom,for when you went to wash your hands together,Two Warm and Cold taps in en-suite bathroom - for when you went to wash your hands together
Bedroom,,1,,Lots of sockets on either side of each bed,it’s always annoying when there’s not enough sockets to charge your device at night. Could also hide the wires inside a drawer,Lots of sockets on either side of each bed - it’s always annoying when there’s not enough sockets to charge your device at night. Could also hide the wires inside a drawer
Bedroom,,1,,Charging Drawer,To hide the cables for charging devices could put some in a drawer and also have a wireless hidden pad in the beside table.,Charging Drawer - To hide the cables for charging devices could put some in a drawer and also have a wireless hidden pad in the beside table.
Bedroom,,1,,Mattress with arm hole,Mattress with an arm hole so you can cuddle up next to your significant other without getting a dead arm when they lay on top of it,Mattress with arm hole - Mattress with an arm hole so you can cuddle up next to your significant other without getting a dead arm when they lay on top of it
Bedroom,,1,,Heated Mattresses,for those cosy nights of tough weeks where you want warm bed to get into at the end of the day,Heated Mattresses - for those cosy nights of tough weeks where you want warm bed to get into at the end of the day
Bedroom,,1,,Quiet Doors,"Doors that don’t make a loud click or thud when shut, in order to not wake up other people when going to the toilet at night.","Quiet Doors - Doors that don’t make a loud click or thud when shut, in order to not wake up other people when going to the toilet at night."
Bedroom,,1,,Bedrooms Not Close to Loud Rooms,Ideal room layout. Make sure bedrooms are far from entertaining spaces.,Bedrooms Not Close to Loud Rooms - Ideal room layout. Make sure bedrooms are far from entertaining spaces.
Bedroom,,1,,Smart Mirrors with Integrated Displays,"– Bathroom or bedroom mirrors that display weather updates, calendar events, or fitness stats while you get ready.","Smart Mirrors with Integrated Displays - – Bathroom or bedroom mirrors that display weather updates, calendar events, or fitness stats while you get ready."
Bedroom,,1,,Window Directly Above Bed to Watch Stars,A big window above the bed to gaze at the stars at night when you can’t sleep. Remind you of your place in this world.,Window Directly Above Bed to Watch Stars - A big window above the bed to gaze at the stars at night when you can’t sleep. Remind you of your place in this world.
Bedroom,,1,,Super Comfortable Chair in Front of table,Comfy chair for relaxing in and a table for watching stuff,Super Comfortable Chair in Front of table - Comfy chair for relaxing in and a table for watching stuff
Bedroom,,1,,Hidden to at the end of the bed,So you can watch stuff in bed and then sleep,Hidden to at the end of the bed - So you can watch stuff in bed and then sleep
Bedroom,,1,,Not Too Low Table Tops,Table tops in kitchen and in bathroom not to low down that I have to bend my back to use them for hours. (But not to high that shorter people can’t use them),Not Too Low Table Tops - Table tops in kitchen and in bathroom not to low down that I have to bend my back to use them for hours. (But not to high that shorter people can’t use them)
Bedroom,,1,,Playpen Guard around adult Bed,Playpen guards around adult bed so we can sleep with our toddlers without them escaping,Playpen Guard around adult Bed - Playpen guards around adult bed so we can sleep with our toddlers without them escaping
Bedroom,,1,,Pull down blind Insect Nets on Windows,"Windows that you can magnetically attach insect tight mosquito nets too, so you can open the window wide if your hot and not have to worry about insects coming in.","Pull down blind Insect Nets on Windows - Windows that you can magnetically attach insect tight mosquito nets too, so you can open the window wide if your hot and not have to worry about insects coming in."
Bedroom,,1,,Bed Room Door Locks,Stop people come in during private activities.,Bed Room Door Locks - Stop people come in during private activities.
Bedroom,,1,,Summer and Winter Thickness Duvets,"Thick duvets for the winter but totally different thinner ones for the summer and even thinner blankets. But the blanket, must be big blankets. Non of those small blanket that don’t cover your feet.","Summer and Winter Thickness Duvets - Thick duvets for the winter but totally different thinner ones for the summer and even thinner blankets. But the blanket, must be big blankets. Non of those small blanket that don’t cover your feet."
Bedroom,,1,,Extra Soft Silk Duvet and Pillow Cases,Good for acne and extra soft and won’t graze your skin when moving around in bed.,Extra Soft Silk Duvet and Pillow Cases - Good for acne and extra soft and won’t graze your skin when moving around in bed.
Bedroom,,1,,Mattress,,Mattress
Bedroom,,2,Mattress,Extra Large Bed,A long California King size mattress bed mattress so my feet and tall people feet don’t hang off the end,Extra Large Bed - A long California King size mattress bed mattress so my feet and tall people feet don’t hang off the end
Bedroom,,2,Mattress,Tight Bed Sheets,Tight bed sheets that fit and aren’t loose enough to bunch up under you.,Tight Bed Sheets - Tight bed sheets that fit and aren’t loose enough to bunch up under you.
Bedroom,,2,Mattress,Super High Quality Mattress,A really good high end mattress because you spend so much time in bed,Super High Quality Mattress - A really good high end mattress because you spend so much time in bed
Bedroom,,1,,Charging Stations Next To Bed,Charging port station with at least 10 cable to charge nightlights and power banks,Charging Stations Next To Bed - Charging port station with at least 10 cable to charge nightlights and power banks
Bedroom,,1,,Electric Train Set Around the Ceiling,Small Electric Train Set around the top outside of the of the top of the room,Electric Train Set Around the Ceiling - Small Electric Train Set around the top outside of the of the top of the room
Bedroom,,1,,Panic Button,When there’s an emergency or your not feeling well the panic button will wake everyone up and turn on all the lights.,Panic Button - When there’s an emergency or your not feeling well the panic button will wake everyone up and turn on all the lights.
Bedroom,,1,,Sound proof bedrooms,For when people are doing personal things.,Sound proof bedrooms - For when people are doing personal things.
Bedroom,,1,,Blackout Curtains,For watching movies in the bedroom,Blackout Curtains - For watching movies in the bedroom
Bedroom,,1,,Overlapping Curtains,Curtain rails that overlap so there’s no light that seep through,Overlapping Curtains - Curtain rails that overlap so there’s no light that seep through
Bedroom,,1,,Laundry Shoot,To stop people creating a pile of dirty clothes of having a laundry bag of dirty clothes we could have a laundry shoot to remove all the clothes from the room Entirely.,Laundry Shoot - To stop people creating a pile of dirty clothes of having a laundry bag of dirty clothes we could have a laundry shoot to remove all the clothes from the room Entirely.
Bedroom,,1,,Hidden Bins,bins are unsightly and unhygienic near the bed so they should be in the bedroom but hidden away in a cupboard and far away from the bed and also have a easy way to take out that doesn’t involve walking through the whole house with the trash.,Hidden Bins - bins are unsightly and unhygienic near the bed so they should be in the bedroom but hidden away in a cupboard and far away from the bed and also have a easy way to take out that doesn’t involve walking through the whole house with the trash.
Bedroom,,1,,Hidden Charging Dock for Tooth Brush,The charging socket in the bathroom should be inside a cupboard so you can hide away the electric tooth brush in the cupboard.,Hidden Charging Dock for Tooth Brush - The charging socket in the bathroom should be inside a cupboard so you can hide away the electric tooth brush in the cupboard.
Bedroom,,1,,Fire Extinguisher and Blanket,Fire extinguisher and Blanket for if hair dryer or hair straightener catches fire,Fire Extinguisher and Blanket - Fire extinguisher and Blanket for if hair dryer or hair straightener catches fire
Bedroom,,1,,Mini Fridge,in master bathroom for cold water,Mini Fridge - in master bathroom for cold water
Bedroom,,1,,Hidden Water Fountains,Built into cupboard purified water fountains in bedroom to ensure everyone stays hydrated.,Hidden Water Fountains - Built into cupboard purified water fountains in bedroom to ensure everyone stays hydrated.
Bedroom,,1,,Separate Cloth Bins for White and Coloured,Separated white and colour clothing bins for washing clothes. So that everyone separated their clothes to make it easier to wash.,Separate Cloth Bins for White and Coloured - Separated white and colour clothing bins for washing clothes. So that everyone separated their clothes to make it easier to wash.
Bedroom,,1,,Summer and Winter Duvet,Duvet covered that can clip to together when you want to double them up for the winter,Summer and Winter Duvet - Duvet covered that can clip to together when you want to double them up for the winter
Bedroom,,1,,Heated Blankets,in winter,Heated Blankets - in winter
Living Room,,1,,Blackout Curtains,For watching movies,Blackout Curtains - For watching movies
Living Room,,1,,Water Repellent Sofa Material,Water repellent sofa material so it can’t be ruined by one split drink,Water Repellent Sofa Material - Water repellent sofa material so it can’t be ruined by one split drink
Living Room,,1,,TV slides behind because or wall,Instead of a big black tv or a picture frame tv being centre of attention we move it behind a an easy to slide bookcase or wall.,TV slides behind because or wall - Instead of a big black tv or a picture frame tv being centre of attention we move it behind a an easy to slide bookcase or wall.
Living Room,,1,,TV above toddler height,To stop toddlers and young children from breaking the tv,TV above toddler height - To stop toddlers and young children from breaking the tv
Living Room,,1,,Lazy Boy Chair,Find the most comfortable chair,Lazy Boy Chair - Find the most comfortable chair
Living Room,,1,,Slide out Christmas tree from storage cupboard in living room,Instead of spending ages building and setting up Christmas tree you could instead have it slide out from a purpose built tall cupboard.,Slide out Christmas tree from storage cupboard in living room - Instead of spending ages building and setting up Christmas tree you could instead have it slide out from a purpose built tall cupboard.
Living Room,,1,,Overlapping Curtains,Curtain rails that overlap so there’s no light that seep through,Overlapping Curtains - Curtain rails that overlap so there’s no light that seep through
Living Room,,1,,No Gaps between Sofa Cushions,Sofas that don’t have gaps between the cushions for things to fall down,No Gaps between Sofa Cushions - Sofas that don’t have gaps between the cushions for things to fall down
Living Room,,1,,Table on Each Side of Sofa,There should be at least two extra tables on either side of the sofa so you don’t have to put stuff on the sofa when you want to put food on the main table,Table on Each Side of Sofa - There should be at least two extra tables on either side of the sofa so you don’t have to put stuff on the sofa when you want to put food on the main table
Living Room,,1,,Big Cupboard for Board Games,Big cupboard to store all the many boardgames we have,Big Cupboard for Board Games - Big cupboard to store all the many boardgames we have
Living Room,,1,,2nd Bathroom near living room,For when there’s a big party or lots of people over for Christmas and multiple people want to use the toilet at once.,2nd Bathroom near living room - For when there’s a big party or lots of people over for Christmas and multiple people want to use the toilet at once.
Living Room,,1,,Spare Beds that can be Hidden Away,Spare Beds for guests and for when you want to have big sleep overs in the living room,Spare Beds that can be Hidden Away - Spare Beds for guests and for when you want to have big sleep overs in the living room
Living Room,,1,,Built In Surround Sound System,,Built In Surround Sound System
Living Room,,1,,Ping Pong Table Door,,Ping Pong Table Door
Garden,,1,,Rocky Water Fountain and Stepping stones over pound and mini bridge,Like grandpa’s garden there should be a small bridge and waterfall over rocky stepping stones.,Rocky Water Fountain and Stepping stones over pound and mini bridge - Like grandpa’s garden there should be a small bridge and waterfall over rocky stepping stones.
Garden,,1,,Chestnut conker tree,so I can play Conkers with my wife and kids evey time he conkers fall,Chestnut conker tree - so I can play Conkers with my wife and kids evey time he conkers fall
Garden,,1,,Wrap Around Covered Porch,for summer those days you want to sit out without getting totally sunburned. Or those days it’s raining but want to peak outside without getting wet.,Wrap Around Covered Porch - for summer those days you want to sit out without getting totally sunburned. Or those days it’s raining but want to peak outside without getting wet.
Garden,,1,,Indoor Horse Riding Arena,when it’s cold and raining in the winter having a indoor horse riding arena would be nice,Indoor Horse Riding Arena - when it’s cold and raining in the winter having a indoor horse riding arena would be nice
Garden,,1,,Horse Stable,Places to keep the horses,Horse Stable - Places to keep the horses
Garden,,1,,"Sunken dry seating area in middle of the pool, with fire pit",Make it easy to clean,"Sunken dry seating area in middle of the pool, with fire pit - Make it easy to clean"
Garden,,1,,Maze,Garden maze for the kids,Maze - Garden maze for the kids
Garden,,1,,Clover Lawn,Nice alternative to grass,Clover Lawn - Nice alternative to grass
Garden,,1,,Zip line from house to bottom of garden,garden zip line from top to bottom of the garden. Even better if the zip line can go round corners.,Zip line from house to bottom of garden - garden zip line from top to bottom of the garden. Even better if the zip line can go round corners.
Garden,,1,,Tardis,The Tardis would be good if you can put it under a cover so the elements don’t destroy it too much.,Tardis - The Tardis would be good if you can put it under a cover so the elements don’t destroy it too much.
Garden,,1,,Tennis Court,Good looking fence around the outside. Not one of those ugly wire ones.,Tennis Court - Good looking fence around the outside. Not one of those ugly wire ones.
Garden,,1,,Outdoor Pool,(More dangerous then a gun),Outdoor Pool - (More dangerous then a gun)
Garden,,1,,Hidden Outdoor Storage,– Discreet outdoor sheds or hidden compartments for garden tools and furniture to keep the garden tidy.,Hidden Outdoor Storage - – Discreet outdoor sheds or hidden compartments for garden tools and furniture to keep the garden tidy.
Garden,,1,,Outdoor Kitchen with Optional Cover,"A covered outdoor cooking area with a built-in grill, countertop, and mini fridge for garden parties.","Outdoor Kitchen with Optional Cover - A covered outdoor cooking area with a built-in grill, countertop, and mini fridge for garden parties."
Garden,,1,,Flood Lights,Powerful outdoor flood lights to light up garden in the night,Flood Lights - Powerful outdoor flood lights to light up garden in the night
Garden,,1,,Coloured Flood Lights,For parties,Coloured Flood Lights - For parties
Garden,,1,,BBQ Area,Stone floor or pit to stop things catching on fire,BBQ Area - Stone floor or pit to stop things catching on fire
Garden,,1,,Pagoda,When it’s raining you can still enjoy sitting outside,Pagoda - When it’s raining you can still enjoy sitting outside
Garden,,1,,Slides into the Pool,Strong so that they don’t fly away or break when using them. Easy to clean slides too.,Slides into the Pool - Strong so that they don’t fly away or break when using them. Easy to clean slides too.
Garden,,1,,Large Stage Area,"Large raised outdoor stage, with room to hang stage lights above","Large Stage Area - Large raised outdoor stage, with room to hang stage lights above"
Garden,,1,,Area for Big Tables,Large flat level garden area for putting lots of long tables for garden parties,Area for Big Tables - Large flat level garden area for putting lots of long tables for garden parties
Garden,,1,,A good view,View over a forest or city,A good view - View over a forest or city
Garden,,1,,Nice Luxury Guest House,to show off,Nice Luxury Guest House - to show off
Garden,,1,,Security cameras,"Modern looking, good enough quality to see faces and number plates","Security cameras - Modern looking, good enough quality to see faces and number plates"
Garden,,1,,High above sea level,In the case of flooding we don’t want to be in a flood area,High above sea level - In the case of flooding we don’t want to be in a flood area
Garden,,1,,Robot Lawn Mower,Mowing a big lawn takes a long time and hurts your back or skin if you’re outside for a long time. An automatic lawn mower would save a lot of time and effort,Robot Lawn Mower - Mowing a big lawn takes a long time and hurts your back or skin if you’re outside for a long time. An automatic lawn mower would save a lot of time and effort
Garden,,1,,Trampoline,With safety nets.,Trampoline - With safety nets.
Garden,,1,,Time Capsule,in the garden or in the walls somewhere,Time Capsule - in the garden or in the walls somewhere
Garden,,1,,Rainwater Collection System,"– Collect and filter rainwater for use in toilets, gardens, and cleaning to reduce water bills.","Rainwater Collection System - – Collect and filter rainwater for use in toilets, gardens, and cleaning to reduce water bills."
Bathrooms,,1,,Separate rooms for toilets and washing sink,the toilet should be in a separate room from where you brush your teeth because poo particles go into the air when you flush the toilet.,Separate rooms for toilets and washing sink - the toilet should be in a separate room from where you brush your teeth because poo particles go into the air when you flush the toilet.
Bathrooms,,1,,Heated Mirrors that don’t mist up,Heated mirrors that don’t heat up when you have a hot shower.,Heated Mirrors that don’t mist up - Heated mirrors that don’t heat up when you have a hot shower.
Bathrooms,,1,,Big tall wide bathroom mirrors with lights around mirror,When you want to see yourself after you changed,Big tall wide bathroom mirrors with lights around mirror - When you want to see yourself after you changed
Bathrooms,,1,,Single door for both the toilet and the sink area with foot handle to open door without touching it,the way this works is the toilet and the sink area are in separate rooms and one doorway is 90 degrees to the other doorway but the single door between them. This allows someone to still use the sink while someone is in the toilet. And they can push the door with their foot in order to not touch the door with their dirty hands.,Single door for both the toilet and the sink area with foot handle to open door without touching it - the way this works is the toilet and the sink area are in separate rooms and one doorway is 90 degrees to the other doorway but the single door between them. This allows someone to still use the sink while someone is in the toilet. And they can push the door with their foot in order to not touch the door with their dirty hands.
Bathrooms,,1,,Way to heat up bathroom after shower,Always annoying when you step out the shower and it’s freezing cold.,Way to heat up bathroom after shower - Always annoying when you step out the shower and it’s freezing cold.
Bathrooms,,1,,Soft Gentle Close Toilet Seats,There’s nothing more annoying waking up to the sound of someone dropping the toilet seat down.,Soft Gentle Close Toilet Seats - There’s nothing more annoying waking up to the sound of someone dropping the toilet seat down.
Bathrooms,,1,,Shower controls on opposite side of shower head,It’s so annoying when you want to keep your hair dry but still have to duck under the shower or reach through the shower to adjust the shower. Why are the controls for the shower somewhere where you don’t have to go through the shower to access them?,Shower controls on opposite side of shower head - It’s so annoying when you want to keep your hair dry but still have to duck under the shower or reach through the shower to adjust the shower. Why are the controls for the shower somewhere where you don’t have to go through the shower to access them?
Bathrooms,,1,,Smooth surface sink,so there’s no hidden edges or creases that are hard to clean.,Smooth surface sink - so there’s no hidden edges or creases that are hard to clean.
Bathrooms,,1,,Portable TV,"A tv near the bath and toilet so while you have a bath or a long number two you can watch YouTube, tv or a film.","Portable TV - A tv near the bath and toilet so while you have a bath or a long number two you can watch YouTube, tv or a film."
Bathrooms,,1,,Glass Shower Wall instead of Shower Curtains,"Shower curtains get in the way at fly up when the shower is on the missed setting, so glass is better and looks cleaner.","Glass Shower Wall instead of Shower Curtains - Shower curtains get in the way at fly up when the shower is on the missed setting, so glass is better and looks cleaner."
Bathrooms,,1,,Toilet Roll not too far away from toilet,If the toilet roll is too far away it makes it very awkward and annoying to reach slightly to far to get it.,Toilet Roll not too far away from toilet - If the toilet roll is too far away it makes it very awkward and annoying to reach slightly to far to get it.
Bathrooms,,1,,Two Auto Resetting 2 Minutes Wall Timer,"A timer on the wall that with one press starts a two minutes countdown, for brushing your teeth, and then when pressed again just resets to two minutes and is ready to go again straight away.","Two Auto Resetting 2 Minutes Wall Timer - A timer on the wall that with one press starts a two minutes countdown, for brushing your teeth, and then when pressed again just resets to two minutes and is ready to go again straight away."
Bathrooms,,1,,Bathroom heater / radiator,it’s always not fun when you come out the shower and it’s freezing cold. It be nice to have a warm environment when coming out the shower before putting your clothes on.,Bathroom heater / radiator - it’s always not fun when you come out the shower and it’s freezing cold. It be nice to have a warm environment when coming out the shower before putting your clothes on.
Bathrooms,,1,,Shelf to put your clothes on,empty shelf to put your clean clothes on so you don’t have to get cold running out the room to get your clothes on.,Shelf to put your clothes on - empty shelf to put your clean clothes on so you don’t have to get cold running out the room to get your clothes on.
Bathrooms,,1,,Self-Cleaning Toilets with UV Sterilization,Advanced toilets that use UV light and automatic cleaning mechanisms to maintain hygiene effortlessly.,Self-Cleaning Toilets with UV Sterilization - Advanced toilets that use UV light and automatic cleaning mechanisms to maintain hygiene effortlessly.
Bathrooms,,1,,Automatic Toilet Seat Lower,lots of germs spread as you flush so a toilet seat that automatically shuts before it flushes. When you press the flush button it should also trigger the seat to come down before flushing.,Automatic Toilet Seat Lower - lots of germs spread as you flush so a toilet seat that automatically shuts before it flushes. When you press the flush button it should also trigger the seat to come down before flushing.
Bathrooms,,1,,Bathrooms don’t face Large Rooms,Bathrooms shouldn't face common entertainment spaces like dining rooms or living rooms.,Bathrooms don’t face Large Rooms - Bathrooms shouldn't face common entertainment spaces like dining rooms or living rooms.
Bathrooms,,1,,Foot Peddle to Open Toilet Seat,When you want to open the toilet seat without having to touch the toilet seat use the foot peddle to open it.,Foot Peddle to Open Toilet Seat - When you want to open the toilet seat without having to touch the toilet seat use the foot peddle to open it.
Bathrooms,,1,,Water Filters,In bedroom bathrooms water filters should be installed so everyone has clear skin when washing their face.,Water Filters - In bedroom bathrooms water filters should be installed so everyone has clear skin when washing their face.
Bathrooms,,1,,Double Electric Tooth Brush Charger,always really annoying when you have to take turns charging your tooth brush so a double one lets you charge each of your toothbrushes at same time.,Double Electric Tooth Brush Charger - always really annoying when you have to take turns charging your tooth brush so a double one lets you charge each of your toothbrushes at same time.
Bathrooms,,1,,Sink where the water doesn’t pool at the back under the tap,sink will go mouldy if the water pools on the top surface under the taps,Sink where the water doesn’t pool at the back under the tap - sink will go mouldy if the water pools on the top surface under the taps
Bathrooms,,1,,Anti-Scald Bathroom Taps,"Thermostatic taps that prevent water from exceeding a safe temperature, protecting children from burns.","Anti-Scald Bathroom Taps - Thermostatic taps that prevent water from exceeding a safe temperature, protecting children from burns."
Bathrooms,,1,,Not Too Low Table Tops,Table tops in kitchen and in bathroom not to low down that I have to bend my back to use them for hours. (But not to high that shorter people can’t use them),Not Too Low Table Tops - Table tops in kitchen and in bathroom not to low down that I have to bend my back to use them for hours. (But not to high that shorter people can’t use them)
Bathrooms,,1,,Foamy Hand soap,To give that luxury feel all the sinks should be paired with luxury foamy hand soap instead of the standard kind.,Foamy Hand soap - To give that luxury feel all the sinks should be paired with luxury foamy hand soap instead of the standard kind.
Bathrooms,,1,,Big Hidden Toilet Roll Storage,Large hidden toilet roll area so you never run out of toilet roll. There should be a good looking hidden storage for toilet rolls that someone can reach from the toilet seat if necessary. And it should be able to hold at least 4 or more toilet rolls.,Big Hidden Toilet Roll Storage - Large hidden toilet roll area so you never run out of toilet roll. There should be a good looking hidden storage for toilet rolls that someone can reach from the toilet seat if necessary. And it should be able to hold at least 4 or more toilet rolls.
Bathrooms,,1,,Hidden Charging Dock for Tooth Brush,The charging socket in the bathroom should be inside a cupboard so you can hide away the electric tooth brush in the cupboard.,Hidden Charging Dock for Tooth Brush - The charging socket in the bathroom should be inside a cupboard so you can hide away the electric tooth brush in the cupboard.
Bathrooms,,1,,A Good Big Shower,"enough room for two people to use at the same time, and enough water spray area for two people to be in the shower at the same time","A Good Big Shower - enough room for two people to use at the same time, and enough water spray area for two people to be in the shower at the same time"
Bathrooms,,1,,Shower with Mist Setting,For washing more sensitive areas,Shower with Mist Setting - For washing more sensitive areas
Bathrooms,,1,,Heated Toilet Seat,Comfort,Heated Toilet Seat - Comfort
Bathrooms,,1,,Japanese Smart Toilets,Easy to clean your back side.,Japanese Smart Toilets - Easy to clean your back side.
Bathrooms,,1,,Lots Space for Towels,Enough room for people to have more than one towel. A towel for your hair and the rest of your body.,Lots Space for Towels - Enough room for people to have more than one towel. A towel for your hair and the rest of your body.
Bathrooms,,1,,Lots of Different Colour Towels,Make it easier to remember whose towel is whose and which towel is for your hair and body,Lots of Different Colour Towels - Make it easier to remember whose towel is whose and which towel is for your hair and body
Bathrooms,,1,,Easy Temperature Shower,A shower that you can set to a specific temperature easily every time,Easy Temperature Shower - A shower that you can set to a specific temperature easily every time
Bathrooms,,1,,Led Showers,Atmospheric lighting in the shower,Led Showers - Atmospheric lighting in the shower
Bathrooms,,1,,LED Faucet,(no batteries needed),LED Faucet - (no batteries needed)
Bathrooms,,1,,Motion Sensor Taps with Manuel Setting As Well,Motion sensor taps for toilet and a manual settings as well to leave it on to fill something up,Motion Sensor Taps with Manuel Setting As Well - Motion sensor taps for toilet and a manual settings as well to leave it on to fill something up
Bathrooms,,1,,Soap Motion Sensors,Better if it’s attached to the mains so you don’t have to keep replacing the batteries.,Soap Motion Sensors - Better if it’s attached to the mains so you don’t have to keep replacing the batteries.
Bathrooms,,1,,Glass around the Shower Not A Curtain,Curtains get moulding quickly and start flying up when using the mist setting on the shower.,Glass around the Shower Not A Curtain - Curtains get moulding quickly and start flying up when using the mist setting on the shower.
Entrance,,1,,Wired Smart Doorbell,Doorbell with a camera connected to the mains power because changing the batteries is very annoying.,Wired Smart Doorbell - Doorbell with a camera connected to the mains power because changing the batteries is very annoying.
Entrance,,1,,UV Camera and Monitor and Suncream Station,check you’ve applied Suncream properly,UV Camera and Monitor and Suncream Station - check you’ve applied Suncream properly
Entrance,,1,,Indoor Dog Bath Area,If it’s really cold day it’s a lot nicer to give the dogs a bath in the inside than an outside hose.,Indoor Dog Bath Area - If it’s really cold day it’s a lot nicer to give the dogs a bath in the inside than an outside hose.
Entrance,,1,,Mirror by the door,To allow people to check how they look before going out there should be a mirror next to the front door.,Mirror by the door - To allow people to check how they look before going out there should be a mirror next to the front door.
Entrance,,1,,Safe Place for Parcels,Safe place to store packages and parcels after they have been delivered,Safe Place for Parcels - Safe place to store packages and parcels after they have been delivered
Entrance,,1,,Powerful Compressed Air Jet Machine,Air blower machine to shoot air off shows and other items and to also blow your hair up to look good.,Powerful Compressed Air Jet Machine - Air blower machine to shoot air off shows and other items and to also blow your hair up to look good.
Entrance,,1,,Place to Hide Bins,"A place to completely hide the outdoors bins from sight, but also isn’t too hard to access when taking the trash out.","Place to Hide Bins - A place to completely hide the outdoors bins from sight, but also isn’t too hard to access when taking the trash out."
Entrance,,1,,Large Hidden Shoe Cupboard,Hidden tidy easy to use shoe cupboard,Large Hidden Shoe Cupboard - Hidden tidy easy to use shoe cupboard
Entrance,,1,,Easy Access Bike storage,Hidden away so no one can easily steal it. And away from the rain and easy to get out and leave with it in a rush.,Easy Access Bike storage - Hidden away so no one can easily steal it. And away from the rain and easy to get out and leave with it in a rush.
Entrance,,1,,Dog Paw Cleaner Near Entrance,A hose attached to a brush to clean dogs paws and dirty legs,Dog Paw Cleaner Near Entrance - A hose attached to a brush to clean dogs paws and dirty legs
Entrance,,1,,Hidden Hose,- For washing muddy bikes and shoes,Hidden Hose - - For washing muddy bikes and shoes
Office,,1,,Standing Adjustable Height Desk,It’s so easy when you’re older for your health to decline and your life span to shorten.,Standing Adjustable Height Desk - It’s so easy when you’re older for your health to decline and your life span to shorten.
Office,,1,,Desk Treadmill,If you don’t have enough time to exercise and work then you could try do it at the same time.,Desk Treadmill - If you don’t have enough time to exercise and work then you could try do it at the same time.
Office,,1,,Most ergonomic comfortable chair,You might spend a lot of time sitting in this chair so you better make sure it’s as good for your back and your overall health as possible.,Most ergonomic comfortable chair - You might spend a lot of time sitting in this chair so you better make sure it’s as good for your back and your overall health as possible.
Office,,1,,Soundproof Home Office,Ensure the home office is fully soundproofed to allow for uninterrupted video calls and focus during work hours.,Soundproof Home Office - Ensure the home office is fully soundproofed to allow for uninterrupted video calls and focus during work hours.
Office,,1,,,,
Utility Room,,1,,Hidden Drying Racks,Built in heated drying racks for clothes that can be hidden for when guest come around,Hidden Drying Racks - Built in heated drying racks for clothes that can be hidden for when guest come around
Utility Room,,1,,At least Two Washing Machines,It’s always annoying when you have lots to wash and not a lot of time to wash it. So two washing machines would be nice.,At least Two Washing Machines - It’s always annoying when you have lots to wash and not a lot of time to wash it. So two washing machines would be nice.
Utility Room,,1,,Sound Proof Laundry Room,"Laundry room should be sound proof and be out of site, and be able to stay warm in the winter to dry clothes","Sound Proof Laundry Room - Laundry room should be sound proof and be out of site, and be able to stay warm in the winter to dry clothes"
Utility Room,,1,,Automated Laundry Folding Machine,"A device that folds clothes perfectly after washing and drying, saving time and effort.","Automated Laundry Folding Machine - A device that folds clothes perfectly after washing and drying, saving time and effort."
Study,,1,,3D Printer,or fixing and adding convince to thing around the house,3D Printer - or fixing and adding convince to thing around the house
Work Shop,,1,,3D printer,,3D printer
Work Shop,,1,,Laser Cuter,,Laser Cuter
Work Shop,,1,,Plasma Cutter,,Plasma Cutter
Work Shop,,1,,Vinyl Cutter,,Vinyl Cutter
Work Shop,Special Rooms,1,,Message Room with robot message machine as well,,Message Room with robot message machine as well
Work Shop,Special Rooms,1,,Oval Office Replica,,Oval Office Replica
Work Shop,Special Rooms,1,,Tardis Interior Replica,,Tardis Interior Replica
Work Shop,Special Rooms,1,,Fully Minecraft Themed Room,,Fully Minecraft Themed Room
Work Shop,Special Rooms,1,,Green Screen Room,,Green Screen Room
Work Shop,Special Rooms,1,,Live Streaming Studio Room with Full Kitchen,,Live Streaming Studio Room with Full Kitchen
Work Shop,Special Rooms,1,,Control Room,,Control Room
Work Shop,Special Rooms,1,,Press Room,,Press Room
Work Shop,Special Rooms,1,,Barber Hair Cutting Eoom,,Barber Hair Cutting Eoom
Work Shop,Ultimate Living and Dining Room,1,,146 micro led 8k screen,,146 micro led 8k screen
Work Shop,Ultimate Living and Dining Room,1,,Dolby Atmos Surround Sound System,,Dolby Atmos Surround Sound System
Work Shop,Ultimate Living and Dining Room,1,,Ultra Comfy Sofa,,Ultra Comfy Sofa
Work Shop,Ultimate Living and Dining Room,1,,Full Size Adjustable Table in Front of Sofa,,Full Size Adjustable Table in Front of Sofa
Work Shop,Ultimate Living and Dining Room,1,,Black Out Curtains,,Black Out Curtains
Work Shop,Ultimate Living and Dining Room,1,,Latest and greatest gaming PC,,Latest and greatest gaming PC
Work Shop,Ultimate Living and Dining Room,1,,,,
